{"cameraMode":{"drawMode":0,"name":"Shaded","section":"Shading Mode"},"sceneLighting":true,"audioPlay":false,"sceneViewState":{"m_AlwaysRefresh":false,"showFog":true,"showSkybox":true,"showFlares":true,"showImageEffects":true,"showParticleSystems":true,"showVisualEffectGraphs":true,"m_FxEnabled":true},"in2DMode":false,"pivot":{"x":201.72015380859376,"y":360.8797912597656,"z":6.48480224609375},"rotation":{"x":-0.036301154643297198,"y":-0.0053993090987205509,"z":0.00019606486603152007,"w":-0.9993265867233276},"size":374.0965881347656,"orthographic":false}